"Name", "Stmts", "Miss", "Cover"
"ats_utilities/__init__.py", "9", "0", "100%"
"ats_utilities/base/__init__.py", "9", "0", "100%"
"ats_utilities/base/engine.py", "55", "0", "100%"
"ats_utilities/base/ibase.py", "18", "0", "100%"
"ats_utilities/base/setup/__init__.py", "9", "0", "100%"
"ats_utilities/base/setup/bundle.py", "25", "0", "100%"
"ats_utilities/base/setup/dep_validator.py", "32", "0", "100%"
"ats_utilities/base/setup/dependencies.py", "21", "0", "100%"
"ats_utilities/base/setup/factory.py", "58", "0", "100%"
"ats_utilities/base/setup/keys.py", "31", "0", "100%"
"ats_utilities/base/setup/opt_validator.py", "28", "0", "100%"
"ats_utilities/base/setup/options.py", "15", "0", "100%"
"ats_utilities/base/setup/registry.py", "21", "0", "100%"
"ats_utilities/base/setup/validator.py", "40", "0", "100%"
"ats_utilities/checker/__init__.py", "9", "0", "100%"
"ats_utilities/checker/context/__init__.py", "9", "0", "100%"
"ats_utilities/checker/context/engine.py", "46", "0", "100%"
"ats_utilities/checker/context/icontext_provider.py", "16", "0", "100%"
"ats_utilities/checker/engine.py", "95", "0", "100%"
"ats_utilities/checker/format/__init__.py", "9", "0", "100%"
"ats_utilities/checker/format/engine.py", "49", "0", "100%"
"ats_utilities/checker/format/iformat_validator.py", "17", "0", "100%"
"ats_utilities/checker/ichecker.py", "25", "0", "100%"
"ats_utilities/checker/proxy_validator.py", "32", "0", "100%"
"ats_utilities/checker/reporter/__init__.py", "9", "0", "100%"
"ats_utilities/checker/reporter/data.py", "21", "0", "100%"
"ats_utilities/checker/reporter/data_validator.py", "37", "0", "100%"
"ats_utilities/checker/reporter/engine.py", "44", "0", "100%"
"ats_utilities/checker/reporter/icheck_reporter.py", "14", "0", "100%"
"ats_utilities/checker/setup/__init__.py", "9", "0", "100%"
"ats_utilities/checker/setup/bundle.py", "23", "0", "100%"
"ats_utilities/checker/setup/dep_validator.py", "27", "0", "100%"
"ats_utilities/checker/setup/dependencies.py", "19", "0", "100%"
"ats_utilities/checker/setup/factory.py", "34", "0", "100%"
"ats_utilities/checker/setup/keys.py", "31", "0", "100%"
"ats_utilities/checker/setup/opt_validator.py", "26", "0", "100%"
"ats_utilities/checker/setup/options.py", "16", "0", "100%"
"ats_utilities/checker/setup/registry.py", "21", "0", "100%"
"ats_utilities/checker/setup/types.py", "18", "0", "100%"
"ats_utilities/checker/setup/validator.py", "39", "0", "100%"
"ats_utilities/checker/type/__init__.py", "9", "0", "100%"
"ats_utilities/checker/type/engine.py", "57", "0", "100%"
"ats_utilities/checker/type/itype_validator.py", "16", "0", "100%"
"ats_utilities/config_io/__init__.py", "9", "0", "100%"
"ats_utilities/config_io/conf_file.py", "53", "0", "100%"
"ats_utilities/config_io/data.py", "19", "0", "100%"
"ats_utilities/config_io/data_validator.py", "38", "0", "100%"
"ats_utilities/config_io/iconf_file.py", "15", "0", "100%"
"ats_utilities/config_io/loader/__init__.py", "9", "0", "100%"
"ats_utilities/config_io/loader/engine.py", "43", "0", "100%"
"ats_utilities/config_io/loader/iloader.py", "15", "0", "100%"
"ats_utilities/config_io/processor/__init__.py", "9", "0", "100%"
"ats_utilities/config_io/processor/cfg_processor.py", "49", "0", "100%"
"ats_utilities/config_io/processor/factory_processor.py", "56", "0", "100%"
"ats_utilities/config_io/processor/iconfig_processor.py", "18", "0", "100%"
"ats_utilities/config_io/processor/ifactory_processor.py", "20", "0", "100%"
"ats_utilities/config_io/processor/ini_processor.py", "86", "0", "100%"
"ats_utilities/config_io/processor/json_processor.py", "44", "0", "100%"
"ats_utilities/config_io/processor/xml_processor.py", "86", "0", "100%"
"ats_utilities/config_io/processor/yaml_processor.py", "44", "0", "100%"
"ats_utilities/config_io/setup/__init__.py", "9", "0", "100%"
"ats_utilities/config_io/setup/bundle.py", "23", "0", "100%"
"ats_utilities/config_io/setup/dep_validator.py", "30", "0", "100%"
"ats_utilities/config_io/setup/dependencies.py", "16", "0", "100%"
"ats_utilities/config_io/setup/factory.py", "27", "0", "100%"
"ats_utilities/config_io/setup/keys.py", "27", "0", "100%"
"ats_utilities/config_io/setup/opt_validator.py", "31", "0", "100%"
"ats_utilities/config_io/setup/options.py", "16", "0", "100%"
"ats_utilities/config_io/setup/registry.py", "21", "0", "100%"
"ats_utilities/config_io/setup/types.py", "3", "0", "100%"
"ats_utilities/config_io/setup/validator.py", "35", "0", "100%"
"ats_utilities/config_io/storer/__init__.py", "9", "0", "100%"
"ats_utilities/config_io/storer/engine.py", "45", "0", "100%"
"ats_utilities/config_io/storer/istorer.py", "15", "0", "100%"
"ats_utilities/context/__init__.py", "9", "0", "100%"
"ats_utilities/context/bundle.py", "22", "0", "100%"
"ats_utilities/context/dep_validator.py", "27", "0", "100%"
"ats_utilities/context/dependencies.py", "18", "0", "100%"
"ats_utilities/context/factory.py", "34", "0", "100%"
"ats_utilities/context/keys.py", "32", "0", "100%"
"ats_utilities/context/opt_validator.py", "26", "0", "100%"
"ats_utilities/context/options.py", "18", "0", "100%"
"ats_utilities/context/registry.py", "21", "0", "100%"
"ats_utilities/context/validator.py", "38", "0", "100%"
"ats_utilities/exceptions/__init__.py", "21", "0", "100%"
"ats_utilities/exceptions/ats_attribute_error.py", "11", "0", "100%"
"ats_utilities/exceptions/ats_bad_call_error.py", "11", "0", "100%"
"ats_utilities/exceptions/ats_error.py", "10", "0", "100%"
"ats_utilities/exceptions/ats_file_error.py", "11", "0", "100%"
"ats_utilities/exceptions/ats_generator_error.py", "11", "0", "100%"
"ats_utilities/exceptions/ats_key_error.py", "11", "0", "100%"
"ats_utilities/exceptions/ats_lookup_error.py", "11", "0", "100%"
"ats_utilities/exceptions/ats_parameter_error.py", "11", "0", "100%"
"ats_utilities/exceptions/ats_runtime_error.py", "11", "0", "100%"
"ats_utilities/exceptions/ats_type_error.py", "11", "0", "100%"
"ats_utilities/exceptions/ats_value_error.py", "11", "0", "100%"
"ats_utilities/exceptions/format_error.py", "22", "0", "100%"
"ats_utilities/generation/__init__.py", "9", "0", "100%"
"ats_utilities/generation/data.py", "21", "0", "100%"
"ats_utilities/generation/data_validator.py", "46", "0", "100%"
"ats_utilities/generation/engine.py", "86", "0", "100%"
"ats_utilities/generation/imanager.py", "19", "0", "100%"
"ats_utilities/generation/project/__init__.py", "9", "0", "100%"
"ats_utilities/generation/project/ipro_config.py", "18", "0", "100%"
"ats_utilities/generation/project/ipro_name.py", "18", "0", "100%"
"ats_utilities/generation/project/itemplate_dir.py", "18", "0", "100%"
"ats_utilities/generation/project/pro_config.py", "39", "0", "100%"
"ats_utilities/generation/project/pro_name.py", "35", "0", "100%"
"ats_utilities/generation/project/template_dir.py", "35", "0", "100%"
"ats_utilities/generation/scheme/__init__.py", "9", "0", "100%"
"ats_utilities/generation/scheme/engine.py", "49", "0", "100%"
"ats_utilities/generation/scheme/ischeme_loader.py", "16", "0", "100%"
"ats_utilities/generation/setup/__init__.py", "9", "0", "100%"
"ats_utilities/generation/setup/bundle.py", "21", "0", "100%"
"ats_utilities/generation/setup/dep_validator.py", "30", "0", "100%"
"ats_utilities/generation/setup/dependencies.py", "17", "0", "100%"
"ats_utilities/generation/setup/factory.py", "31", "0", "100%"
"ats_utilities/generation/setup/keys.py", "25", "0", "100%"
"ats_utilities/generation/setup/opt_validator.py", "31", "0", "100%"
"ats_utilities/generation/setup/options.py", "13", "0", "100%"
"ats_utilities/generation/setup/registry.py", "21", "0", "100%"
"ats_utilities/generation/setup/validator.py", "36", "0", "100%"
"ats_utilities/generation/tar/__init__.py", "9", "0", "100%"
"ats_utilities/generation/tar/data.py", "31", "0", "100%"
"ats_utilities/generation/tar/data_validator.py", "68", "0", "100%"
"ats_utilities/generation/tar/engine.py", "76", "0", "100%"
"ats_utilities/generation/tar/itar_processor.py", "16", "0", "100%"
"ats_utilities/generation/template/__init__.py", "9", "0", "100%"
"ats_utilities/generation/template/engine.py", "32", "0", "100%"
"ats_utilities/generation/template/itemplate_processor.py", "15", "0", "100%"
"ats_utilities/info/__init__.py", "9", "0", "100%"
"ats_utilities/info/build_date/__init__.py", "9", "0", "100%"
"ats_utilities/info/build_date/engine.py", "35", "0", "100%"
"ats_utilities/info/build_date/ibuild_date.py", "18", "0", "100%"
"ats_utilities/info/engine.py", "112", "0", "100%"
"ats_utilities/info/imanager.py", "20", "0", "100%"
"ats_utilities/info/info_ok/__init__.py", "9", "0", "100%"
"ats_utilities/info/info_ok/engine.py", "35", "0", "100%"
"ats_utilities/info/info_ok/iinfo_ok.py", "18", "0", "100%"
"ats_utilities/info/licence/__init__.py", "9", "0", "100%"
"ats_utilities/info/licence/engine.py", "35", "0", "100%"
"ats_utilities/info/licence/ilicence.py", "18", "0", "100%"
"ats_utilities/info/log_file/__init__.py", "9", "0", "100%"
"ats_utilities/info/log_file/engine.py", "35", "0", "100%"
"ats_utilities/info/log_file/ilog_file.py", "18", "0", "100%"
"ats_utilities/info/logo/__init__.py", "9", "0", "100%"
"ats_utilities/info/logo/engine.py", "35", "0", "100%"
"ats_utilities/info/logo/ilogo.py", "18", "0", "100%"
"ats_utilities/info/name/__init__.py", "9", "0", "100%"
"ats_utilities/info/name/engine.py", "35", "0", "100%"
"ats_utilities/info/name/iname.py", "18", "0", "100%"
"ats_utilities/info/organization/__init__.py", "9", "0", "100%"
"ats_utilities/info/organization/engine.py", "35", "0", "100%"
"ats_utilities/info/organization/iorganization.py", "18", "0", "100%"
"ats_utilities/info/repository/__init__.py", "9", "0", "100%"
"ats_utilities/info/repository/engine.py", "35", "0", "100%"
"ats_utilities/info/repository/irepository.py", "18", "0", "100%"
"ats_utilities/info/setup/__init__.py", "9", "0", "100%"
"ats_utilities/info/setup/bundle.py", "37", "0", "100%"
"ats_utilities/info/setup/dep_validator.py", "37", "0", "100%"
"ats_utilities/info/setup/dependencies.py", "33", "0", "100%"
"ats_utilities/info/setup/expose.py", "63", "0", "100%"
"ats_utilities/info/setup/factory.py", "39", "0", "100%"
"ats_utilities/info/setup/iexpose.py", "33", "0", "100%"
"ats_utilities/info/setup/ischema.py", "38", "0", "100%"
"ats_utilities/info/setup/keys.py", "53", "0", "100%"
"ats_utilities/info/setup/opt_validator.py", "42", "0", "100%"
"ats_utilities/info/setup/options.py", "15", "0", "100%"
"ats_utilities/info/setup/registry.py", "21", "0", "100%"
"ats_utilities/info/setup/schema.py", "65", "0", "100%"
"ats_utilities/info/setup/validator.py", "84", "0", "100%"
"ats_utilities/info/use_github/__init__.py", "9", "0", "100%"
"ats_utilities/info/use_github/engine.py", "35", "0", "100%"
"ats_utilities/info/use_github/iuse_github.py", "18", "0", "100%"
"ats_utilities/info/version/__init__.py", "9", "0", "100%"
"ats_utilities/info/version/engine.py", "35", "0", "100%"
"ats_utilities/info/version/iversion.py", "18", "0", "100%"
"ats_utilities/logger/__init__.py", "9", "0", "100%"
"ats_utilities/logger/buffer/__init__.py", "9", "0", "100%"
"ats_utilities/logger/buffer/engine.py", "41", "0", "100%"
"ats_utilities/logger/buffer/ibuffer.py", "19", "0", "100%"
"ats_utilities/logger/engine.py", "80", "0", "100%"
"ats_utilities/logger/formatter/__init__.py", "9", "0", "100%"
"ats_utilities/logger/formatter/engine.py", "55", "0", "100%"
"ats_utilities/logger/formatter/iformatter.py", "17", "0", "100%"
"ats_utilities/logger/handler/__init__.py", "9", "0", "100%"
"ats_utilities/logger/handler/engine.py", "27", "0", "100%"
"ats_utilities/logger/handler/ihandler_manager.py", "15", "0", "100%"
"ats_utilities/logger/ilogger.py", "21", "0", "100%"
"ats_utilities/logger/processor/engine.py", "46", "0", "100%"
"ats_utilities/logger/processor/imessage_processor.py", "16", "0", "100%"
"ats_utilities/logger/setup/__init__.py", "9", "0", "100%"
"ats_utilities/logger/setup/bundle.py", "26", "0", "100%"
"ats_utilities/logger/setup/dep_validator.py", "27", "0", "100%"
"ats_utilities/logger/setup/dependencies.py", "22", "0", "100%"
"ats_utilities/logger/setup/factory.py", "47", "0", "100%"
"ats_utilities/logger/setup/keys.py", "35", "0", "100%"
"ats_utilities/logger/setup/opt_validator.py", "26", "0", "100%"
"ats_utilities/logger/setup/options.py", "15", "0", "100%"
"ats_utilities/logger/setup/registry.py", "21", "0", "100%"
"ats_utilities/logger/setup/validator.py", "48", "0", "100%"
"ats_utilities/logger/underlying/engine.py", "51", "0", "100%"
"ats_utilities/logger/underlying/iunderlying.py", "10", "0", "100%"
"ats_utilities/option/__init__.py", "9", "0", "100%"
"ats_utilities/option/command/__init__.py", "9", "0", "100%"
"ats_utilities/option/command/data.py", "40", "0", "100%"
"ats_utilities/option/command/data_validator.py", "40", "0", "100%"
"ats_utilities/option/command/ioption.py", "28", "0", "100%"
"ats_utilities/option/command/ioption_command.py", "20", "0", "100%"
"ats_utilities/option/engine.py", "77", "0", "100%"
"ats_utilities/option/imanager.py", "21", "0", "100%"
"ats_utilities/option/ioption_configurator.py", "16", "0", "100%"
"ats_utilities/option/ioption_parser.py", "14", "0", "100%"
"ats_utilities/option/setup/__init__.py", "9", "0", "100%"
"ats_utilities/option/setup/bundle.py", "19", "0", "100%"
"ats_utilities/option/setup/dep_validator.py", "30", "0", "100%"
"ats_utilities/option/setup/dependencies.py", "15", "0", "100%"
"ats_utilities/option/setup/factory.py", "31", "0", "100%"
"ats_utilities/option/setup/keys.py", "27", "0", "100%"
"ats_utilities/option/setup/opt_validator.py", "34", "0", "100%"
"ats_utilities/option/setup/options.py", "15", "0", "100%"
"ats_utilities/option/setup/registry.py", "21", "0", "100%"
"ats_utilities/option/setup/types.py", "16", "0", "100%"
"ats_utilities/option/setup/validator.py", "31", "0", "100%"
"ats_utilities/option/strategy/__init__.py", "9", "0", "100%"
"ats_utilities/option/strategy/data.py", "19", "0", "100%"
"ats_utilities/option/strategy/data_validator.py", "31", "0", "100%"
"ats_utilities/option/strategy/engine.py", "59", "0", "100%"
"ats_utilities/option/strategy/iparser_strategy.py", "19", "0", "100%"
"ats_utilities/option/underlying/__init__.py", "9", "0", "100%"
"ats_utilities/option/underlying/engine.py", "26", "0", "100%"
"ats_utilities/option/underlying/iunderlying.py", "8", "0", "100%"
"ats_utilities/reporter/__init__.py", "9", "0", "100%"
"ats_utilities/reporter/engine.py", "72", "0", "100%"
"ats_utilities/reporter/ireporter.py", "21", "0", "100%"
"ats_utilities/reporter/proxy_reporter.py", "15", "0", "100%"
"ats_utilities/reporter/setup/__init__.py", "9", "0", "100%"
"ats_utilities/reporter/setup/bundle.py", "21", "0", "100%"
"ats_utilities/reporter/setup/dep_validator.py", "25", "0", "100%"
"ats_utilities/reporter/setup/dependencies.py", "17", "0", "100%"
"ats_utilities/reporter/setup/factory.py", "32", "0", "100%"
"ats_utilities/reporter/setup/keys.py", "30", "0", "100%"
"ats_utilities/reporter/setup/opt_validator.py", "26", "0", "100%"
"ats_utilities/reporter/setup/options.py", "17", "0", "100%"
"ats_utilities/reporter/setup/registry.py", "21", "0", "100%"
"ats_utilities/reporter/setup/validator.py", "34", "0", "100%"
"ats_utilities/reporter/theme/__init__.py", "9", "0", "100%"
"ats_utilities/reporter/theme/engine.py", "36", "0", "100%"
"ats_utilities/reporter/theme/iconsole_theme.py", "14", "0", "100%"
"ats_utilities/reporter/theme/types.py", "16", "0", "100%"
"ats_utilities/splash/__init__.py", "9", "0", "100%"
"ats_utilities/splash/data.py", "17", "0", "100%"
"ats_utilities/splash/data_validator.py", "31", "0", "100%"
"ats_utilities/splash/engine.py", "99", "0", "100%"
"ats_utilities/splash/external/__init__.py", "9", "0", "100%"
"ats_utilities/splash/external/ext_infrastructure.py", "59", "0", "100%"
"ats_utilities/splash/external/github_infrastructure.py", "70", "0", "100%"
"ats_utilities/splash/external/iext_infrastructure.py", "20", "0", "100%"
"ats_utilities/splash/imanager.py", "19", "0", "100%"
"ats_utilities/splash/progressbar/__init__.py", "9", "0", "100%"
"ats_utilities/splash/progressbar/iprogress_bar.py", "16", "0", "100%"
"ats_utilities/splash/progressbar/progress_bar.py", "54", "0", "100%"
"ats_utilities/splash/property/__init__.py", "9", "0", "100%"
"ats_utilities/splash/property/isplash_property.py", "23", "0", "100%"
"ats_utilities/splash/property/splash_property.py", "66", "0", "100%"
"ats_utilities/splash/setup/__init__.py", "9", "0", "100%"
"ats_utilities/splash/setup/bundle.py", "25", "0", "100%"
"ats_utilities/splash/setup/dep_validator.py", "30", "0", "100%"
"ats_utilities/splash/setup/dependencies.py", "21", "0", "100%"
"ats_utilities/splash/setup/factory.py", "41", "0", "100%"
"ats_utilities/splash/setup/keys.py", "33", "0", "100%"
"ats_utilities/splash/setup/opt_validator.py", "28", "0", "100%"
"ats_utilities/splash/setup/options.py", "15", "0", "100%"
"ats_utilities/splash/setup/registry.py", "21", "0", "100%"
"ats_utilities/splash/setup/validator.py", "50", "0", "100%"
"ats_utilities/splash/terminal/__init__.py", "9", "0", "100%"
"ats_utilities/splash/terminal/iterminal_properties.py", "16", "0", "100%"
"ats_utilities/splash/terminal/terminal_properties.py", "35", "0", "100%"
"ats_utilities/utils/__init__.py", "9", "0", "100%"
"ats_utilities/utils/boolean.py", "20", "0", "100%"
"ats_utilities/utils/component.py", "14", "0", "100%"
"ats_utilities/utils/data/__init__.py", "9", "0", "100%"
"ats_utilities/utils/data/ivalidator.py", "14", "0", "100%"
"ats_utilities/utils/dicts.py", "40", "0", "100%"
"ats_utilities/utils/dirs.py", "17", "0", "100%"
"ats_utilities/utils/files.py", "106", "0", "100%"
"ats_utilities/utils/reflection.py", "39", "0", "100%"
"ats_utilities/utils/setup/__init__.py", "9", "0", "100%"
"ats_utilities/utils/setup/idep_validator.py", "14", "0", "100%"
"ats_utilities/utils/setup/ifactory.py", "14", "0", "100%"
"ats_utilities/utils/setup/ikeys.py", "17", "0", "100%"
"ats_utilities/utils/setup/iopt_validator.py", "14", "0", "100%"
"ats_utilities/utils/setup/iregistry.py", "14", "0", "100%"
"ats_utilities/utils/setup/ivalidator.py", "14", "0", "100%"
"ats_utilities/validation/__init__.py", "9", "0", "100%"
"ats_utilities/validation/check_type.py", "28", "0", "100%"
"ats_utilities/validation/check_value.py", "22", "0", "100%"
"ats_utilities/validation/context_error.py", "14", "0", "100%"
"Total", "7839", "0", "100%"
